Id,Area (micronsÂ²),Perimeter (mm),X,Y,Image Id,Image Filename,User,Term,View annotation picture,View annotation on image
124937106,18954,561,225.9765975798,376.5421489909,122393516,648.jpg,cfeys,Bagpipe (3746),https://research.cytomine.be/api/annotation/124937106/crop.png,https://research.cytomine.be/#tabs-image-122386653-122393516-124937106
124936673,36461,765,389.0408390581,302.8316923564,122395147,11.jpg,cfeys,Bagpipe (3746),https://research.cytomine.be/api/annotation/124936673/crop.png,https://research.cytomine.be/#tabs-image-122386653-122395147-124936673
124936562,32369,721,168.6360909698,378.2982720306,122395147,11.jpg,cfeys,Bagpipe (3746),https://research.cytomine.be/api/annotation/124936562/crop.png,https://research.cytomine.be/#tabs-image-122386653-122395147-124936562
123741693,1154,151,247.5877746617,98.232566669,122387129,353.jpg,cfeys,Bagpipe (3746),https://research.cytomine.be/api/annotation/123741693/crop.png,https://research.cytomine.be/#tabs-image-122386653-122387129-123741693
123740903,5869,310,361.0127622654,480.9965014949,122387199,1666.jpg,cfeys,Kithara (4940),https://research.cytomine.be/api/annotation/123740903/crop.png,https://research.cytomine.be/#tabs-image-122386653-122387199-123740903
123739819,46546,873,507.3177781408,625.0449964808,122387236,1730.jpg,cfeys,Violin (3573),https://research.cytomine.be/api/annotation/123739819/crop.png,https://research.cytomine.be/#tabs-image-122386653-122387236-123739819
123739561,296231,2177,274.8698133768,277.1728315425,122387286,246.jpg,cfeys,Violin (3573),https://research.cytomine.be/api/annotation/123739561/crop.png,https://research.cytomine.be/#tabs-image-122386653-122387286-123739561
123737872,17905,551,274.1130092444,530.0910917405,122387329,1539.jpg,cfeys,Portative organ (2267),https://research.cytomine.be/api/annotation/123737872/crop.png,https://research.cytomine.be/#tabs-image-122386653-122387329-123737872
123691924,14950,505,407.117004848,668.9685878911,122387564,1729.jpg,cfeys,Tabor pipe (6689),https://research.cytomine.be/api/annotation/123691924/crop.png,https://research.cytomine.be/#tabs-image-122386653-122387564-123691924
123691572,57607,961,480.55180893,466.5082159646,122387564,1729.jpg,cfeys,Side drum (2729),https://research.cytomine.be/api/annotation/123691572/crop.png,https://research.cytomine.be/#tabs-image-122386653-122387564-123691572
123691140,21924,593,525.6731539074,648.6651364019,122387579,5093.jpg,cfeys,Ud (3476),https://research.cytomine.be/api/annotation/123691140/crop.png,https://research.cytomine.be/#tabs-image-122386653-122387579-123691140
123686125,20771,609,228.2265838686,230.1614838047,122387619,1676.png,cfeys,Side drum (2729),https://research.cytomine.be/api/annotation/123686125/crop.png,https://research.cytomine.be/#tabs-image-122386653-122387619-123686125
123685588,3600,348,477.2657555758,367.0820865513,122387619,1676.png,cfeys,Transverse flute (4093),https://research.cytomine.be/api/annotation/123685588/crop.png,https://research.cytomine.be/#tabs-image-122386653-122387619-123685588
123685167,4906,289,494.1748736286,160.1218650443,122387630,707.PNG,cfeys,Mandolin (3510),https://research.cytomine.be/api/annotation/123685167/crop.png,https://research.cytomine.be/#tabs-image-122386653-122387630-123685167
123684457,2644,206,506.5030005927,687.5925796357,122387650,1700.jpg,cfeys,Conch-shell trumpet (4389),https://research.cytomine.be/api/annotation/123684457/crop.png,https://research.cytomine.be/#tabs-image-122386653-122387650-123684457
123683354,12189,458,372.9771173737,201.6247539649,122387753,871.jpg,cfeys,Oboe (4232),https://research.cytomine.be/api/annotation/123683354/crop.png,https://research.cytomine.be/#tabs-image-122386653-122387753-123683354
123683230,11094,424,125.5932038735,196.7497085227,122387753,871.jpg,cfeys,Oboe (4232),https://research.cytomine.be/api/annotation/123683230/crop.png,https://research.cytomine.be/#tabs-image-122386653-122387753-123683230
123682871,30100,845,251.4301621475,233.92187667,122387753,871.jpg,cfeys,Bagpipe (3746),https://research.cytomine.be/api/annotation/123682871/crop.png,https://research.cytomine.be/#tabs-image-122386653-122387753-123682871
123682477,10191,406,319.6788357152,403.3924738516,122387776,877.jpg,cfeys,Shawm (4258),https://research.cytomine.be/api/annotation/123682477/crop.png,https://research.cytomine.be/#tabs-image-122386653-122387776-123682477
123681980,11983,439,164.179068012,287.5204819439,122387808,1454.jpg,cfeys,Violin (3573),https://research.cytomine.be/api/annotation/123681980/crop.png,https://research.cytomine.be/#tabs-image-122386653-122387808-123681980
123679323,32536,752,426.9551132079,515.5317903146,122388002,925.png,cfeys,Harp (3285),https://research.cytomine.be/api/annotation/123679323/crop.png,https://research.cytomine.be/#tabs-image-122386653-122388002-123679323
123674972,975,142,391.9433768373,350.6459620497,122388068,467.php,cfeys,Wind instruments (3730),https://research.cytomine.be/api/annotation/123674972/crop.png,https://research.cytomine.be/#tabs-image-122386653-122388068-123674972
123674779,547,94,316.422538743,312.4786416638,122388068,467.php,cfeys,Wind instruments (3730),https://research.cytomine.be/api/annotation/123674779/crop.png,https://research.cytomine.be/#tabs-image-122386653-122388068-123674779
123672282,1284,153,187.7799343899,399.723803696,122388068,467.php,cfeys,Sackbut  (4364),https://research.cytomine.be/api/annotation/123672282/crop.png,https://research.cytomine.be/#tabs-image-122386653-122388068-123672282
123671107,1702,165,437.1184010348,308.5749054396,122388068,467.php,cfeys,Recorder (4039),https://research.cytomine.be/api/annotation/123671107/crop.png,https://research.cytomine.be/#tabs-image-122386653-122388068-123671107
123670708,1936,182,95.8054205866,333.5087558436,122388068,467.php,cfeys,Lute (3394),https://research.cytomine.be/api/annotation/123670708/crop.png,https://research.cytomine.be/#tabs-image-122386653-122388068-123670708
123668831,1114,134,424.0329353668,397.3768818483,122388068,467.php,cfeys,Harp (3285),https://research.cytomine.be/api/annotation/123668831/crop.png,https://research.cytomine.be/#tabs-image-122386653-122388068-123668831
123668440,706,107,341.6964430636,419.2576426344,122388068,467.php,cfeys,Lute (3394),https://research.cytomine.be/api/annotation/123668440/crop.png,https://research.cytomine.be/#tabs-image-122386653-122388068-123668440
123664260,564,96,250.4910838191,313.3754555629,122388068,467.php,cfeys,Horn (4118),https://research.cytomine.be/api/annotation/123664260/crop.png,https://research.cytomine.be/#tabs-image-122386653-122388068-123664260
123664007,640,105,341.2461617088,313.9030981628,122388068,467.php,cfeys,Guitar (3237),https://research.cytomine.be/api/annotation/123664007/crop.png,https://research.cytomine.be/#tabs-image-122386653-122388068-123664007
123662858,828,115,279.1318834283,312.854172119,122388068,467.php,cfeys,Recorder (4039),https://research.cytomine.be/api/annotation/123662858/crop.png,https://research.cytomine.be/#tabs-image-122386653-122388068-123662858
123662615,1005,129,214.7116849664,341.6341042,122388068,467.php,cfeys,Violin (3573),https://research.cytomine.be/api/annotation/123662615/crop.png,https://research.cytomine.be/#tabs-image-122386653-122388068-123662615
123660905,1256,142,395.4228873173,150.3814113784,122388068,467.php,cfeys,Clavichord (2232),https://research.cytomine.be/api/annotation/123660905/crop.png,https://research.cytomine.be/#tabs-image-122386653-122388068-123660905
123660665,2942,222,158.8250703401,173.304962915,122388068,467.php,cfeys,Clavichord (2232),https://research.cytomine.be/api/annotation/123660665/crop.png,https://research.cytomine.be/#tabs-image-122386653-122388068-123660665
123653112,455511,2776,575.4498989146,542.684530774,122388093,1682.jpg,cfeys,Upright pianoforte (2311),https://research.cytomine.be/api/annotation/123653112/crop.png,https://research.cytomine.be/#tabs-image-122386653-122388093-123653112
123651537,5447,317,349.1850224072,254.0931550214,122388137,986.jpg,cfeys,Kithara (4940),https://research.cytomine.be/api/annotation/123651537/crop.png,https://research.cytomine.be/#tabs-image-122386653-122388137-123651537
123650799,83828,1182,353.6746553485,225.7746075288,122388174,272.jpg,cfeys,Grand pianoforte (2284),https://research.cytomine.be/api/annotation/123650799/crop.png,https://research.cytomine.be/#tabs-image-122386653-122388174-123650799
123647434,246,63,408.5018902925,144.4619386375,122388435,1659.png,cfeys,Tambourine (2746),https://research.cytomine.be/api/annotation/123647434/crop.png,https://research.cytomine.be/#tabs-image-122386653-122388435-123647434
123647048,12815,477,123.4494935325,165.5652249489,122388455,1082.jpg,cfeys,Viola da gamba (3604),https://research.cytomine.be/api/annotation/123647048/crop.png,https://research.cytomine.be/#tabs-image-122386653-122388455-123647048
123643135,25544,645,577.0249421079,436.7386804617,122388528,552.png,cfeys,Transverse flute (4093),https://research.cytomine.be/api/annotation/123643135/crop.png,https://research.cytomine.be/#tabs-image-122386653-122388528-123643135
123642881,33492,795,906.9590711896,281.8786664441,122388528,552.png,cfeys,Lyre (3501),https://research.cytomine.be/api/annotation/123642881/crop.png,https://research.cytomine.be/#tabs-image-122386653-122388528-123642881
123641739,3492,237,463.6258423811,256.4573725902,122388565,724.jpg,cfeys,Lute (3394),https://research.cytomine.be/api/annotation/123641739/crop.png,https://research.cytomine.be/#tabs-image-122386653-122388565-123641739
123641649,313,114,446.6571513974,313.4310459667,122388565,724.jpg,cfeys,Transverse flute (4093),https://research.cytomine.be/api/annotation/123641649/crop.png,https://research.cytomine.be/#tabs-image-122386653-122388565-123641649
123641580,1329,146,514.3262448774,297.1822354705,122388565,724.jpg,cfeys,Fiddle (3142),https://research.cytomine.be/api/annotation/123641580/crop.png,https://research.cytomine.be/#tabs-image-122386653-122388565-123641580
123640298,39952,801,561.6368026569,397.0854492027,122388598,1332.png,cfeys,Hunting horn (4138),https://research.cytomine.be/api/annotation/123640298/crop.png,https://research.cytomine.be/#tabs-image-122386653-122388598-123640298
123639447,971,125,436.5464226098,218.9422939804,122388677,1645.png,cfeys,Violin (3573),https://research.cytomine.be/api/annotation/123639447/crop.png,https://research.cytomine.be/#tabs-image-122386653-122388677-123639447
123638657,2551,209,478.6172353535,186.0481280486,122388677,1645.png,cfeys,Oboe (4232),https://research.cytomine.be/api/annotation/123638657/crop.png,https://research.cytomine.be/#tabs-image-122386653-122388677-123638657
123638399,2843,214,541.5244724235,289.0735628824,122388677,1645.png,cfeys,Hurdy-gurdy (3305),https://research.cytomine.be/api/annotation/123638399/crop.png,https://research.cytomine.be/#tabs-image-122386653-122388677-123638399
123637809,11410,427,261.7066005767,270.350670868,122388701,1653.png,cfeys,Hurdy-gurdy (3305),https://research.cytomine.be/api/annotation/123637809/crop.png,https://research.cytomine.be/#tabs-image-122386653-122388701-123637809
123637325,24685,629,762.5052697508,287.5573354198,122388746,1683.jpg,cfeys,Lyre (3501),https://research.cytomine.be/api/annotation/123637325/crop.png,https://research.cytomine.be/#tabs-image-122386653-122388746-123637325
123635410,2320,193,719.3212098176,345.2096393447,122388806,495.jpg,cfeys,Viola (3561),https://research.cytomine.be/api/annotation/123635410/crop.png,https://research.cytomine.be/#tabs-image-122386653-122388806-123635410
123635274,17640,599,704.4908058865,284.0341947009,122388806,495.jpg,cfeys,Harpsichord (2251),https://research.cytomine.be/api/annotation/123635274/crop.png,https://research.cytomine.be/#tabs-image-122386653-122388806-123635274
123634679,3608,241,581.676474127,338.7213211518,122388806,495.jpg,cfeys,Bassoon  (3795),https://research.cytomine.be/api/annotation/123634679/crop.png,https://research.cytomine.be/#tabs-image-122386653-122388806-123634679
123634530,5796,312,533.2459120331,272.9113827927,122388806,495.jpg,cfeys,Violoncello (3582),https://research.cytomine.be/api/annotation/123634530/crop.png,https://research.cytomine.be/#tabs-image-122386653-122388806-123634530
123634412,7024,379,512.8541075867,348.9172375528,122388806,495.jpg,cfeys,Double bass  (3111),https://research.cytomine.be/api/annotation/123634412/crop.png,https://research.cytomine.be/#tabs-image-122386653-122388806-123634412
123631283,3045,266,352.2427780741,97.8503814389,122388866,17.jpg,cfeys,Dulcimer (3644),https://research.cytomine.be/api/annotation/123631283/crop.png,https://research.cytomine.be/#tabs-image-122386653-122388866-123631283
123631185,8158,401,201.0670845025,51.4398182382,122388866,17.jpg,cfeys,Cimbalom (3633),https://research.cytomine.be/api/annotation/123631185/crop.png,https://research.cytomine.be/#tabs-image-122386653-122388866-123631185
123622696,7751,352,191.8532388017,377.3377259465,122388866,17.jpg,cfeys,Psaltery (3677),https://research.cytomine.be/api/annotation/123622696/crop.png,https://research.cytomine.be/#tabs-image-122386653-122388866-123622696
123622530,6218,322,208.233412768,498.1417561563,122388866,17.jpg,cfeys,Bell (2381),https://research.cytomine.be/api/annotation/123622530/crop.png,https://research.cytomine.be/#tabs-image-122386653-122388866-123622530
123616994,4967,283,505.0975085592,120.4140609366,122389066,1462.png,cfeys,Kettledrum (2887),https://research.cytomine.be/api/annotation/123616994/crop.png,https://research.cytomine.be/#tabs-image-122386653-122389066-123616994
123616808,4517,269,442.9300972393,124.2674043936,122389066,1462.png,cfeys,Kettledrum (2887),https://research.cytomine.be/api/annotation/123616808/crop.png,https://research.cytomine.be/#tabs-image-122386653-122389066-123616808
123615133,10271,462,344.2882153608,181.9081042762,122389105,1045.jpg,cfeys,Kit (3571),https://research.cytomine.be/api/annotation/123615133/crop.png,https://research.cytomine.be/#tabs-image-122386653-122389105-123615133
123614973,58131,982,170.8073172801,142.7153842597,122389105,1045.jpg,cfeys,Guitar (3237),https://research.cytomine.be/api/annotation/123614973/crop.png,https://research.cytomine.be/#tabs-image-122386653-122389105-123614973
123613656,12330,480,805.7862383132,977.7241867977,122389131,1709.jpg,cfeys,Violin (3573),https://research.cytomine.be/api/annotation/123613656/crop.png,https://research.cytomine.be/#tabs-image-122386653-122389131-123613656
123613393,5659,360,663.745269048,1091.8311968243,122389131,1709.jpg,cfeys,Transverse flute (4093),https://research.cytomine.be/api/annotation/123613393/crop.png,https://research.cytomine.be/#tabs-image-122386653-122389131-123613393
123612412,56484,959,863.8310141608,327.7061493305,122389147,704.jpg,cfeys,Virginal (2257),https://research.cytomine.be/api/annotation/123612412/crop.png,https://research.cytomine.be/#tabs-image-122386653-122389147-123612412
123612108,63373,1037,761.6785468956,432.3054243305,122389147,704.jpg,cfeys,Lute (3394),https://research.cytomine.be/api/annotation/123612108/crop.png,https://research.cytomine.be/#tabs-image-122386653-122389147-123612108
123610461,3237,230,181.7235473053,231.9902538763,122389170,223.jpg,cfeys,Violin (3573),https://research.cytomine.be/api/annotation/123610461/crop.png,https://research.cytomine.be/#tabs-image-122386653-122389170-123610461
123610295,12318,504,272.5655563373,192.6912131026,122389170,223.jpg,cfeys,Violoncello (3582),https://research.cytomine.be/api/annotation/123610295/crop.png,https://research.cytomine.be/#tabs-image-122386653-122389170-123610295
123609728,24127,629,346.2311506194,1183.6911035742,122389277,1691.jpg,cfeys,Panpipe (4024),https://research.cytomine.be/api/annotation/123609728/crop.png,https://research.cytomine.be/#tabs-image-122386653-122389277-123609728
123609106,406,82,168.5329931455,319.3074596724,122389291,417.jpg,cfeys,Lute (3394),https://research.cytomine.be/api/annotation/123609106/crop.png,https://research.cytomine.be/#tabs-image-122386653-122389291-123609106
123608921,831,124,191.9704991059,314.6416617235,122389291,417.jpg,cfeys,Viola da gamba (3604),https://research.cytomine.be/api/annotation/123608921/crop.png,https://research.cytomine.be/#tabs-image-122386653-122389291-123608921
123605382,83,37,421.3490934339,149.4769752592,122389381,1644.png,cfeys,Castanets (2423),https://research.cytomine.be/api/annotation/123605382/crop.png,https://research.cytomine.be/#tabs-image-122386653-122389381-123605382
123604910,580,96,343.7470997966,153.6728679989,122389381,1644.png,cfeys,Aulos (4173),https://research.cytomine.be/api/annotation/123604910/crop.png,https://research.cytomine.be/#tabs-image-122386653-122389381-123604910
123603145,4598,271,476.9656067762,636.8804440387,122389492,1720.jpg,cfeys,Natural horn (4126),https://research.cytomine.be/api/annotation/123603145/crop.png,https://research.cytomine.be/#tabs-image-122386653-122389492-123603145
123602792,40759,810,128.1260457322,146.994227956,122389610,1285.jpg,cfeys,Mandolin (3510),https://research.cytomine.be/api/annotation/123602792/crop.png,https://research.cytomine.be/#tabs-image-122386653-122389610-123602792
123602421,68279,1049,154.6517327032,434.35213808,122389640,1054.jpg,cfeys,Upright pianoforte (2311),https://research.cytomine.be/api/annotation/123602421/crop.png,https://research.cytomine.be/#tabs-image-122386653-122389640-123602421
123593459,47515,925,474.2706919197,387.3229663706,122389648,1514.png,cfeys,Violoncello (3582),https://research.cytomine.be/api/annotation/123593459/crop.png,https://research.cytomine.be/#tabs-image-122386653-122389648-123593459
123592122,400511,2808,1315.9737875473,1087.0977424639,122389781,622.jpg,cfeys,Positive organ (2268),https://research.cytomine.be/api/annotation/123592122/crop.png,https://research.cytomine.be/#tabs-image-122386653-122389781-123592122
123591702,89247,1273,739.7135924962,337.7197171596,122389809,1611.jpg,cfeys,Flageolet (3946),https://research.cytomine.be/api/annotation/123591702/crop.png,https://research.cytomine.be/#tabs-image-122386653-122389809-123591702
123591349,5676,309,155.1250070303,318.6997385796,122389974,357-1456748093.jpg,cfeys,Horn (4118),https://research.cytomine.be/api/annotation/123591349/crop.png,https://research.cytomine.be/#tabs-image-122386653-122389974-123591349
123590535,32649,727,141.210960038,170.2819749609,122389998,609.jpg,cfeys,Mandolin (3510),https://research.cytomine.be/api/annotation/123590535/crop.png,https://research.cytomine.be/#tabs-image-122386653-122389998-123590535
123588019,56436,977,470.7744091558,242.9089203867,122390038,429.jpg,cfeys,Violin (3573),https://research.cytomine.be/api/annotation/123588019/crop.png,https://research.cytomine.be/#tabs-image-122386653-122390038-123588019
123587455,11000,422,523.5045281299,210.3918535707,122390038,429.jpg,cfeys,Tambourine (2746),https://research.cytomine.be/api/annotation/123587455/crop.png,https://research.cytomine.be/#tabs-image-122386653-122390038-123587455
123587047,13158,505,439.32337566,167.8361937233,122390038,429.jpg,cfeys,End-blown trumpet (6556),https://research.cytomine.be/api/annotation/123587047/crop.png,https://research.cytomine.be/#tabs-image-122386653-122390038-123587047
123586230,56065,997,429.2209850457,230.8030848213,122390054,710.jpg,cfeys,Harpsichord (2251),https://research.cytomine.be/api/annotation/123586230/crop.png,https://research.cytomine.be/#tabs-image-122386653-122390054-123586230
123586076,23843,629,420.1063738969,141.1763255306,122390054,710.jpg,cfeys,Mandolin (3510),https://research.cytomine.be/api/annotation/123586076/crop.png,https://research.cytomine.be/#tabs-image-122386653-122390054-123586076
123585274,6363,341,312.3105904772,308.5982514459,122390073,13.jpg,cfeys,Harp (3285),https://research.cytomine.be/api/annotation/123585274/crop.png,https://research.cytomine.be/#tabs-image-122386653-122390073-123585274
123585116,16351,531,109.0000176146,338.7577707308,122390073,13.jpg,cfeys,Portative organ (2267),https://research.cytomine.be/api/annotation/123585116/crop.png,https://research.cytomine.be/#tabs-image-122386653-122390073-123585116
123584791,412,81,307.7893846405,263.6552938062,122390155,1641.png,cfeys,Trumpet  (4446),https://research.cytomine.be/api/annotation/123584791/crop.png,https://research.cytomine.be/#tabs-image-122386653-122390155-123584791
123584643,688,105,283.6078967651,260.4615016306,122390155,1641.png,cfeys,Trumpet  (4446),https://research.cytomine.be/api/annotation/123584643/crop.png,https://research.cytomine.be/#tabs-image-122386653-122390155-123584643
123581972,30681,710,98.0186804223,265.0570977644,122390286,22.jpg,cfeys,Bagpipe (3746),https://research.cytomine.be/api/annotation/123581972/crop.png,https://research.cytomine.be/#tabs-image-122386653-122390286-123581972
123581592,4187,288,369.7445466525,52.3451037392,122390328,1657.png,cfeys,Oboe (4232),https://research.cytomine.be/api/annotation/123581592/crop.png,https://research.cytomine.be/#tabs-image-122386653-122390328-123581592
123580977,611,99,379.2262542686,89.2029719738,122390396,1660.png,cfeys,Violin (3573),https://research.cytomine.be/api/annotation/123580977/crop.png,https://research.cytomine.be/#tabs-image-122386653-122390396-123580977
123575415,31824,714,483.9833639269,609.9462844835,122390449,1733.jpg,cfeys,Side drum (2729),https://research.cytomine.be/api/annotation/123575415/crop.png,https://research.cytomine.be/#tabs-image-122386653-122390449-123575415
123575127,1874,176,351.3415078712,288.9294277153,122390462,1694.jpg,cfeys,Bell (2381),https://research.cytomine.be/api/annotation/123575127/crop.png,https://research.cytomine.be/#tabs-image-122386653-122390462-123575127
123573884,88437,1204,1543.2944776559,1475.8097239667,122390490,1478.JPG,cfeys,Harp (3285),https://research.cytomine.be/api/annotation/123573884/crop.png,https://research.cytomine.be/#tabs-image-122386653-122390490-123573884
123573787,58407,1022,1634.4402315164,2009.6639105015,122390490,1478.JPG,cfeys,Rebec  (3202),https://research.cytomine.be/api/annotation/123573787/crop.png,https://research.cytomine.be/#tabs-image-122386653-122390490-123573787
123573676,64702,1022,1582.3569180513,2423.075378769,122390490,1478.JPG,cfeys,Psaltery (3677),https://research.cytomine.be/api/annotation/123573676/crop.png,https://research.cytomine.be/#tabs-image-122386653-122390490-123573676
123573612,4117,1218,3.4179991732,1788.3097282438,122390490,1478.JPG,cfeys,Portative organ (2267),https://research.cytomine.be/api/annotation/123573612/crop.png,https://research.cytomine.be/#tabs-image-122386653-122390490-123573612
123573522,113297,1387,493.4896541139,1431.8644008427,122390490,1478.JPG,cfeys,Portative organ (2267),https://research.cytomine.be/api/annotation/123573522/crop.png,https://research.cytomine.be/#tabs-image-122386653-122390490-123573522
123573311,70943,1094,490.2345252534,1941.3045397787,122390490,1478.JPG,cfeys,Lute (3394),https://research.cytomine.be/api/annotation/123573311/crop.png,https://research.cytomine.be/#tabs-image-122386653-122390490-123573311
123573098,46857,866,589.5183247825,2423.075368145,122390490,1478.JPG,cfeys,Recorder (4039),https://research.cytomine.be/api/annotation/123573098/crop.png,https://research.cytomine.be/#tabs-image-122386653-122390490-123573098
123572778,26676,662,371.3734393502,475.2773886473,122390633,378.jpg,cfeys,Natural horn (4126),https://research.cytomine.be/api/annotation/123572778/crop.png,https://research.cytomine.be/#tabs-image-122386653-122390633-123572778
123572698,16207,537,277.7867960294,490.1431315068,122390633,378.jpg,cfeys,Natural horn (4126),https://research.cytomine.be/api/annotation/123572698/crop.png,https://research.cytomine.be/#tabs-image-122386653-122390633-123572698
123572598,43298,832,132.5078973878,466.8309389057,122390633,378.jpg,cfeys,Natural horn (4126),https://research.cytomine.be/api/annotation/123572598/crop.png,https://research.cytomine.be/#tabs-image-122386653-122390633-123572598
123572095,2563,214,350.4068322533,326.3165952195,122390683,1194.jpg,cfeys,Violin (3573),https://research.cytomine.be/api/annotation/123572095/crop.png,https://research.cytomine.be/#tabs-image-122386653-122390683-123572095
123571965,37207,790,250.2163136192,291.7198611357,122390683,1194.jpg,cfeys,Viol (3597),https://research.cytomine.be/api/annotation/123571965/crop.png,https://research.cytomine.be/#tabs-image-122386653-122390683-123571965
123569433,1077,132,322.482280499,296.7645121892,122390723,1684.jpg,cfeys,Lyre (3501),https://research.cytomine.be/api/annotation/123569433/crop.png,https://research.cytomine.be/#tabs-image-122386653-122390723-123569433
123567862,16728,540,132.0312802898,278.0978613476,122390794,551.jpg,cfeys,Violin (3573),https://research.cytomine.be/api/annotation/123567862/crop.png,https://research.cytomine.be/#tabs-image-122386653-122390794-123567862
123567530,2872,214,530.4601126072,417.8622962308,122390810,1708.jpg,cfeys,Bell (2381),https://research.cytomine.be/api/annotation/123567530/crop.png,https://research.cytomine.be/#tabs-image-122386653-122390810-123567530
123566937,1301,145,445.5630524397,163.5081593528,122391059,1674.png,cfeys,Lyre (3501),https://research.cytomine.be/api/annotation/123566937/crop.png,https://research.cytomine.be/#tabs-image-122386653-122391059-123566937
123566483,88052,1220,377.2878208791,481.8251743286,122391088,1701.jpg,cfeys,Kettledrum (2887),https://research.cytomine.be/api/annotation/123566483/crop.png,https://research.cytomine.be/#tabs-image-122386653-122391088-123566483
123566205,5302,292,211.653671355,314.3676767781,122391106,1518.png,cfeys,Violin (3573),https://research.cytomine.be/api/annotation/123566205/crop.png,https://research.cytomine.be/#tabs-image-122386653-122391106-123566205
123565849,17519,532,359.7205871878,614.5422710528,122391204,1703.jpg,cfeys,Violin (3573),https://research.cytomine.be/api/annotation/123565849/crop.png,https://research.cytomine.be/#tabs-image-122386653-122391204-123565849
123565741,108008,1318,437.1689029763,300.4229358967,122391204,1703.jpg,cfeys,Bell (2381),https://research.cytomine.be/api/annotation/123565741/crop.png,https://research.cytomine.be/#tabs-image-122386653-122391204-123565741
123565567,1709,167,711.321480988,939.7024764779,122391204,1703.jpg,cfeys,Bell (2381),https://research.cytomine.be/api/annotation/123565567/crop.png,https://research.cytomine.be/#tabs-image-122386653-122391204-123565567
123564896,49594,903,136.929721283,423.4975496713,122391241,1690.jpg,cfeys,Lyre (3501),https://research.cytomine.be/api/annotation/123564896/crop.png,https://research.cytomine.be/#tabs-image-122386653-122391241-123564896
123562371,21423,594,464.1732298977,960.9962052379,122391274,1696.jpg,cfeys,Tambourine (2746),https://research.cytomine.be/api/annotation/123562371/crop.png,https://research.cytomine.be/#tabs-image-122386653-122391274-123562371
123562163,556,94,379.4140264713,232.2906435314,122391415,1651.png,cfeys,Recorder (4039),https://research.cytomine.be/api/annotation/123562163/crop.png,https://research.cytomine.be/#tabs-image-122386653-122391415-123562163
123561087,54910,963,133.3691728772,177.6446489379,122391446,553.jpg,cfeys,Clavichord (2232),https://research.cytomine.be/api/annotation/123561087/crop.png,https://research.cytomine.be/#tabs-image-122386653-122391446-123561087
123560421,19256,602,580.1741744919,734.199387812,122391460,1689.jpg,cfeys,Lyre (3501),https://research.cytomine.be/api/annotation/123560421/crop.png,https://research.cytomine.be/#tabs-image-122386653-122391460-123560421
123559351,2205,188,549.8237239463,194.4429424178,122391508,372.png,cfeys,Kettledrum (2887),https://research.cytomine.be/api/annotation/123559351/crop.png,https://research.cytomine.be/#tabs-image-122386653-122391508-123559351
123559200,2191,188,407.1721299936,198.1073907648,122391508,372.png,cfeys,Kettledrum (2887),https://research.cytomine.be/api/annotation/123559200/crop.png,https://research.cytomine.be/#tabs-image-122386653-122391508-123559200
123559038,289,71,547.3371339415,265.5069902834,122391508,372.png,cfeys,Transverse flute (4093),https://research.cytomine.be/api/annotation/123559038/crop.png,https://research.cytomine.be/#tabs-image-122386653-122391508-123559038
123558897,1028,128,530.9780138209,241.8189785514,122391508,372.png,cfeys,Cylindrical drum (2532),https://research.cytomine.be/api/annotation/123558897/crop.png,https://research.cytomine.be/#tabs-image-122386653-122391508-123558897
123557865,13918,528,638.092180846,250.3297000593,122391543,1664.jpg,cfeys,Kithara (4940),https://research.cytomine.be/api/annotation/123557865/crop.png,https://research.cytomine.be/#tabs-image-122386653-122391543-123557865
123557230,62150,1085,380.9277443596,82.1779457392,122391759,474.jpg,cfeys,Pianoforte (2299),https://research.cytomine.be/api/annotation/123557230/crop.png,https://research.cytomine.be/#tabs-image-122386653-122391759-123557230
123556952,13293,512,500.7292156723,201.8556575824,122391759,474.jpg,cfeys,Violin (3573),https://research.cytomine.be/api/annotation/123556952/crop.png,https://research.cytomine.be/#tabs-image-122386653-122391759-123556952
123556814,998,127,517.4284097573,355.5503379155,122391759,474.jpg,cfeys,Lyre (3501),https://research.cytomine.be/api/annotation/123556814/crop.png,https://research.cytomine.be/#tabs-image-122386653-122391759-123556814
123556333,10888,426,396.8364210914,255.5342572118,122391774,14.jpg,cfeys,Lute (3394),https://research.cytomine.be/api/annotation/123556333/crop.png,https://research.cytomine.be/#tabs-image-122386653-122391774-123556333
123554911,2681,223,467.7618503585,280.401395793,122391774,14.jpg,cfeys,Recorder (4039),https://research.cytomine.be/api/annotation/123554911/crop.png,https://research.cytomine.be/#tabs-image-122386653-122391774-123554911
123553039,5006,285,430.3128510195,187.1478035974,122391882,1650.png,cfeys,Kettledrum (2887),https://research.cytomine.be/api/annotation/123553039/crop.png,https://research.cytomine.be/#tabs-image-122386653-122391882-123553039
123552173,216554,1871,1086.6667652351,433.0598759762,122391896,955.jpg,cfeys,Trumpet marine (3519),https://research.cytomine.be/api/annotation/123552173/crop.png,https://research.cytomine.be/#tabs-image-122386653-122391896-123552173
123551972,13004,538,1244.5245851845,442.6667305928,122391896,955.jpg,cfeys,Wind instruments (3730),https://research.cytomine.be/api/annotation/123551972/crop.png,https://research.cytomine.be/#tabs-image-122386653-122391896-123551972
123551620,40742,883,382.5000965706,894.518247909,122391896,955.jpg,cfeys,Guitar (3237),https://research.cytomine.be/api/annotation/123551620/crop.png,https://research.cytomine.be/#tabs-image-122386653-122391896-123551620
123550994,896128,3880,379.0364904881,608.9436769899,122391921,1614.jpg,cfeys,Upright pianoforte (2311),https://research.cytomine.be/api/annotation/123550994/crop.png,https://research.cytomine.be/#tabs-image-122386653-122391921-123550994
123550653,206349,1854,204.7791152703,288.0183480368,122391944,1688.jpg,cfeys,Pianoforte (2299),https://research.cytomine.be/api/annotation/123550653/crop.png,https://research.cytomine.be/#tabs-image-122386653-122391944-123550653
123549741,5137,291,56.6041737657,184.6789304838,122392046,341.jpg,cfeys,Bagpipe (3746),https://research.cytomine.be/api/annotation/123549741/crop.png,https://research.cytomine.be/#tabs-image-122386653-122392046-123549741
123549605,200,57,102.0097722631,127.1268612899,122392046,341.jpg,cfeys,Rattle (3036),https://research.cytomine.be/api/annotation/123549605/crop.png,https://research.cytomine.be/#tabs-image-122386653-122392046-123549605
123549077,107,41,70.4048694845,164.8046659514,122392081,208.jpg,cfeys,Cylindrical drum (2532),https://research.cytomine.be/api/annotation/123549077/crop.png,https://research.cytomine.be/#tabs-image-122386653-122392081-123549077
123548839,172,52,270.1351480223,75.5856098975,122392081,208.jpg,cfeys,Cylindrical drum (2532),https://research.cytomine.be/api/annotation/123548839/crop.png,https://research.cytomine.be/#tabs-image-122386653-122392081-123548839
123548777,277,67,23.2233461693,87.5118184992,122392081,208.jpg,cfeys,Cylindrical drum (2532),https://research.cytomine.be/api/annotation/123548777/crop.png,https://research.cytomine.be/#tabs-image-122386653-122392081-123548777
123548745,233,61,35.4116685339,73.7508083328,122392081,208.jpg,cfeys,Cylindrical drum (2532),https://research.cytomine.be/api/annotation/123548745/crop.png,https://research.cytomine.be/#tabs-image-122386653-122392081-123548745
123547510,153,50,82.3301514687,153.6957146363,122392081,208.jpg,cfeys,Cylindrical drum (2532),https://research.cytomine.be/api/annotation/123547510/crop.png,https://research.cytomine.be/#tabs-image-122386653-122392081-123547510
123547086,419,83,211.0772145618,221.7040218511,122392100,708.jpg,cfeys,Transverse flute (4093),https://research.cytomine.be/api/annotation/123547086/crop.png,https://research.cytomine.be/#tabs-image-122386653-122392100-123547086
123547024,1063,130,253.0422753285,199.9280308496,122392100,708.jpg,cfeys,Violin (3573),https://research.cytomine.be/api/annotation/123547024/crop.png,https://research.cytomine.be/#tabs-image-122386653-122392100-123547024
123546960,4671,274,291.5690212141,170.6582852762,122392100,708.jpg,cfeys,Lute (3394),https://research.cytomine.be/api/annotation/123546960/crop.png,https://research.cytomine.be/#tabs-image-122386653-122392100-123546960
123546305,303192,2216,527.6646370873,743.3215440392,122392111,1693.jpg,cfeys,Mandolin (3510),https://research.cytomine.be/api/annotation/123546305/crop.png,https://research.cytomine.be/#tabs-image-122386653-122392111-123546305
123546056,16814,571,145.8801253624,281.5660934068,122392117,1602.5,cfeys,Positive organ (2268),https://research.cytomine.be/api/annotation/123546056/crop.png,https://research.cytomine.be/#tabs-image-122386653-122392117-123546056
123545932,24721,642,163.0079373154,137.9370638815,122392117,1602.5,cfeys,Violoncello (3582),https://research.cytomine.be/api/annotation/123545932/crop.png,https://research.cytomine.be/#tabs-image-122386653-122392117-123545932
123545776,18326,565,139.8177219127,260.2935017618,122392150,470.jpg,cfeys,Bagpipe (3746),https://research.cytomine.be/api/annotation/123545776/crop.png,https://research.cytomine.be/#tabs-image-122386653-122392150-123545776
123545608,5275,294,429.4271056885,173.4171538407,122392203,1509.jpg,cfeys,Violin (3573),https://research.cytomine.be/api/annotation/123545608/crop.png,https://research.cytomine.be/#tabs-image-122386653-122392203-123545608
123545520,0,0,221.7122506523,485.6343697429,122392203,1509.jpg,cfeys,Bagpipe (3746),https://research.cytomine.be/api/annotation/123545520/crop.png,https://research.cytomine.be/#tabs-image-122386653-122392203-123545520
123545519,0,0,221.7122506523,485.6343697429,122392203,1509.jpg,cfeys,Bagpipe (3746),https://research.cytomine.be/api/annotation/123545519/crop.png,https://research.cytomine.be/#tabs-image-122386653-122392203-123545519
123545484,13315,475,380.8919456029,382.4442635894,122392203,1509.jpg,cfeys,Bagpipe (3746),https://research.cytomine.be/api/annotation/123545484/crop.png,https://research.cytomine.be/#tabs-image-122386653-122392203-123545484
123545442,1407,189,142.4479290584,368.2841070807,122392203,1509.jpg,cfeys,Transverse flute (4093),https://research.cytomine.be/api/annotation/123545442/crop.png,https://research.cytomine.be/#tabs-image-122386653-122392203-123545442
123544535,212,58,210.2440556218,266.91780413,122392430,1096.JPG,cfeys,Recorder (4039),https://research.cytomine.be/api/annotation/123544535/crop.png,https://research.cytomine.be/#tabs-image-122386653-122392430-123544535
123544472,511,91,258.3039666593,271.3990748386,122392430,1096.JPG,cfeys,Bagpipe (3746),https://research.cytomine.be/api/annotation/123544472/crop.png,https://research.cytomine.be/#tabs-image-122386653-122392430-123544472
123544408,2075,186,408.3100159406,278.2496184716,122392459,1673.png,cfeys,Stringed instruments (3101),https://research.cytomine.be/api/annotation/123544408/crop.png,https://research.cytomine.be/#tabs-image-122386653-122392459-123544408
123544363,345520,2531,211.067734369,583.1624231129,122392592,1613.jpg,cfeys,Harp (3285),https://research.cytomine.be/api/annotation/123544363/crop.png,https://research.cytomine.be/#tabs-image-122386653-122392592-123544363
123544111,103148,1288,413.9993918726,247.3099439046,122392600,1717.jpg,cfeys,Violoncello (3582),https://research.cytomine.be/api/annotation/123544111/crop.png,https://research.cytomine.be/#tabs-image-122386653-122392600-123544111
123543765,8139,373,633.0733125125,298.9912662395,122392609,1679.jpg,cfeys,Guitar (3237),https://research.cytomine.be/api/annotation/123543765/crop.png,https://research.cytomine.be/#tabs-image-122386653-122392609-123543765
123543394,991,129,409.6448980459,423.505163877,122392834,12.jpg,cfeys,Recorder (4039),https://research.cytomine.be/api/annotation/123543394/crop.png,https://research.cytomine.be/#tabs-image-122386653-122392834-123543394
123542752,2710,208,382.1140512496,383.2677728781,122392834,12.jpg,cfeys,Rebec  (3202),https://research.cytomine.be/api/annotation/123542752/crop.png,https://research.cytomine.be/#tabs-image-122386653-122392834-123542752
123542696,9014,380,450.2352476138,299.4398665179,122392834,12.jpg,cfeys,Lute (3394),https://research.cytomine.be/api/annotation/123542696/crop.png,https://research.cytomine.be/#tabs-image-122386653-122392834-123542696
123542504,2079,185,165.6486466482,189.2320375936,122392843,95.jpg,cfeys,Bagpipe (3746),https://research.cytomine.be/api/annotation/123542504/crop.png,https://research.cytomine.be/#tabs-image-122386653-122392843-123542504
123542377,69018,1216,75.5713072911,317.7813720015,122392878,762.jpg,cfeys,Upright pianoforte (2311),https://research.cytomine.be/api/annotation/123542377/crop.png,https://research.cytomine.be/#tabs-image-122386653-122392878-123542377
123542272,468,87,362.6820448884,184.2945312733,122392891,1669.png,cfeys,Horn (4118),https://research.cytomine.be/api/annotation/123542272/crop.png,https://research.cytomine.be/#tabs-image-122386653-122392891-123542272
123542034,528,93,217.928233231,197.5167764531,122392891,1669.png,cfeys,Horn (4118),https://research.cytomine.be/api/annotation/123542034/crop.png,https://research.cytomine.be/#tabs-image-122386653-122392891-123542034
123541778,26853,655,393.287810246,510.8434561844,122393000,1704.jpg,cfeys,Pianoforte (2299),https://research.cytomine.be/api/annotation/123541778/crop.png,https://research.cytomine.be/#tabs-image-122386653-122393000-123541778
123540581,52344,1003,263.7118357517,242.7959026398,122393159,9.jpg,cfeys,Positive organ (2268),https://research.cytomine.be/api/annotation/123540581/crop.png,https://research.cytomine.be/#tabs-image-122386653-122393159-123540581
123540271,151123,1566,175.6890454416,429.4321618836,122393169,1548.jpg,cfeys,Lute (3394),https://research.cytomine.be/api/annotation/123540271/crop.png,https://research.cytomine.be/#tabs-image-122386653-122393169-123540271
123540184,29712,721,158.761950229,202.6797789983,122393169,1548.jpg,cfeys,Violin (3573),https://research.cytomine.be/api/annotation/123540184/crop.png,https://research.cytomine.be/#tabs-image-122386653-122393169-123540184
123540130,3741,245,33.2194147557,253.8136816012,122393169,1548.jpg,cfeys,Recorder (4039),https://research.cytomine.be/api/annotation/123540130/crop.png,https://research.cytomine.be/#tabs-image-122386653-122393169-123540130
123539822,205292,1831,196.6593389978,261.1718301847,122393209,801.jpg,cfeys,Clavichord (2232),https://research.cytomine.be/api/annotation/123539822/crop.png,https://research.cytomine.be/#tabs-image-122386653-122393209-123539822
123539701,73499,1097,178.8355950508,168.2107859666,122393221,243.jpg,cfeys,Lute (3394),https://research.cytomine.be/api/annotation/123539701/crop.png,https://research.cytomine.be/#tabs-image-122386653-122393221-123539701
123539569,43234,846,371.7827944051,292.9333083362,122393287,500.jpg,cfeys,Guitar (3237),https://research.cytomine.be/api/annotation/123539569/crop.png,https://research.cytomine.be/#tabs-image-122386653-122393287-123539569
123539124,714,116,203.1743109381,255.7310824286,122393303,1678.png,cfeys,Bagpipe (3746),https://research.cytomine.be/api/annotation/123539124/crop.png,https://research.cytomine.be/#tabs-image-122386653-122393303-123539124
123538527,1690,165,605.363316292,225.9531392268,122393303,1678.png,cfeys,Lira da braccio (3181),https://research.cytomine.be/api/annotation/123538527/crop.png,https://research.cytomine.be/#tabs-image-122386653-122393303-123538527
123538467,2287,194,148.4410931871,253.8844551918,122393303,1678.png,cfeys,Lira da braccio (3181),https://research.cytomine.be/api/annotation/123538467/crop.png,https://research.cytomine.be/#tabs-image-122386653-122393303-123538467
123537458,123059,1419,224.3543999991,179.0523688157,122393443,1094.jpg,cfeys,Lute (3394),https://research.cytomine.be/api/annotation/123537458/crop.png,https://research.cytomine.be/#tabs-image-122386653-122393443-123537458
123537129,1589,163,408.7780262719,360.2793214382,122393574,1656.png,cfeys,Recorder (4039),https://research.cytomine.be/api/annotation/123537129/crop.png,https://research.cytomine.be/#tabs-image-122386653-122393574-123537129
123536055,143268,1611,412.6074758359,572.1993747296,122393580,1726.jpg,cfeys,Bassoon  (3795),https://research.cytomine.be/api/annotation/123536055/crop.png,https://research.cytomine.be/#tabs-image-122386653-122393580-123536055
123535945,5131,298,134.2006945389,146.6311492884,122393600,1306.jpg,cfeys,Clavichord (2232),https://research.cytomine.be/api/annotation/123535945/crop.png,https://research.cytomine.be/#tabs-image-122386653-122393600-123535945
123535915,2734,209,67.2423182154,183.7776804052,122393600,1306.jpg,cfeys,Lute (3394),https://research.cytomine.be/api/annotation/123535915/crop.png,https://research.cytomine.be/#tabs-image-122386653-122393600-123535915
123535881,4420,288,67.71552008,138.1134782663,122393600,1306.jpg,cfeys,Lute (3394),https://research.cytomine.be/api/annotation/123535881/crop.png,https://research.cytomine.be/#tabs-image-122386653-122393600-123535881
122828020,62781,1164,334.0390838861,785.5757759035,122393685,1699.jpg,cfeys,Harp (3285),https://research.cytomine.be/api/annotation/122828020/crop.png,https://research.cytomine.be/#tabs-image-122386653-122393685-122828020
122827836,12262,454,309.3750178814,425.0976525247,122393791,862.jpg,cfeys,Natural horn (4126),https://research.cytomine.be/api/annotation/122827836/crop.png,https://research.cytomine.be/#tabs-image-122386653-122393791-122827836
122827659,2031,185,34.1250025034,49.0957050025,122393811,1435.jpg,cfeys,Bagpipe (3746),https://research.cytomine.be/api/annotation/122827659/crop.png,https://research.cytomine.be/#tabs-image-122386653-122393811-122827659
122827587,2091,189,21.8203156292,94.8691359311,122393811,1435.jpg,cfeys,Bagpipe (3746),https://research.cytomine.be/api/annotation/122827587/crop.png,https://research.cytomine.be/#tabs-image-122386653-122393811-122827587
122827296,97927,1252,504.7754568507,325.8842030679,122393899,530.jpg,cfeys,Upright pianoforte (2311),https://research.cytomine.be/api/annotation/122827296/crop.png,https://research.cytomine.be/#tabs-image-122386653-122393899-122827296
122826714,27949,707,59.6027393997,261.2970577508,122393978,1667.jpg,cfeys,Lute (3394),https://research.cytomine.be/api/annotation/122826714/crop.png,https://research.cytomine.be/#tabs-image-122386653-122393978-122826714
122826587,80197,1160,389.3828577399,658.4423771575,122393950,1727.jpg,cfeys,Guitar (3237),https://research.cytomine.be/api/annotation/122826587/crop.png,https://research.cytomine.be/#tabs-image-122386653-122393950-122826587
122824027,3442,239,474.5863351762,263.8066876903,122394124,277.jpg,cfeys,Lute (3394),https://research.cytomine.be/api/annotation/122824027/crop.png,https://research.cytomine.be/#tabs-image-122386653-122394124-122824027
122823841,12186,507,204.9609375,335.9081998467,122394152,435.jpg,cfeys,End-blown flute (3940),https://research.cytomine.be/api/annotation/122823841/crop.png,https://research.cytomine.be/#tabs-image-122386653-122394152-122823841
122823526,12840,453,66.5000133514,133.7656116486,122394162,313.jpg,cfeys,Cylindrical drum (2532),https://research.cytomine.be/api/annotation/122823526/crop.png,https://research.cytomine.be/#tabs-image-122386653-122394162-122823526
122823470,16055,565,267.7500100136,60.703125,122394162,313.jpg,cfeys,Natural trumpet (4419),https://research.cytomine.be/api/annotation/122823470/crop.png,https://research.cytomine.be/#tabs-image-122386653-122394162-122823470
122822735,82374,1163,665.600012207,247.399987793,122394369,610.jpg,cfeys,Square pianoforte (2308),https://research.cytomine.be/api/annotation/122822735/crop.png,https://research.cytomine.be/#tabs-image-122386653-122394369-122822735
122822329,17142,528,344.5894439594,523.7603780203,122394389,389.jpg,cfeys,Trumpet  (4446),https://research.cytomine.be/api/annotation/122822329/crop.png,https://research.cytomine.be/#tabs-image-122386653-122394389-122822329
122822081,40435,810,676.6406321526,241.9921883941,122394401,79.jpg,cfeys,Violoncello (3582),https://research.cytomine.be/api/annotation/122822081/crop.png,https://research.cytomine.be/#tabs-image-122386653-122394401-122822081
122821979,27721,674,606.5625089407,464.1796776652,122394401,79.jpg,cfeys,Theorbo (3473),https://research.cytomine.be/api/annotation/122821979/crop.png,https://research.cytomine.be/#tabs-image-122386653-122394401-122821979
122821787,2097,186,605.312109375,275.0232363313,122394500,1677.png,cfeys,Viola (3561),https://research.cytomine.be/api/annotation/122821787/crop.png,https://research.cytomine.be/#tabs-image-122386653-122394500-122821787
122821518,5182,288,195.9316531867,364.6962739885,122394588,1695.jpg,cfeys,Side drum (2729),https://research.cytomine.be/api/annotation/122821518/crop.png,https://research.cytomine.be/#tabs-image-122386653-122394588-122821518
122821456,6898,335,436.64765625,301.4712840378,122394588,1695.jpg,cfeys,Side drum (2729),https://research.cytomine.be/api/annotation/122821456/crop.png,https://research.cytomine.be/#tabs-image-122386653-122394588-122821456
122820849,2717,212,590.2675828099,140.850583595,122394681,1642.png,cfeys,Bagpipe (3746),https://research.cytomine.be/api/annotation/122820849/crop.png,https://research.cytomine.be/#tabs-image-122386653-122394681-122820849
122820783,657,103,585.3550945222,200.1076019615,122394681,1642.png,cfeys,Oboe (4232),https://research.cytomine.be/api/annotation/122820783/crop.png,https://research.cytomine.be/#tabs-image-122386653-122394681-122820783
122820122,76670,1278,204.8750142097,334.0859161854,122394765,61.jpg,cfeys,Viola da gamba (3604),https://research.cytomine.be/api/annotation/122820122/crop.png,https://research.cytomine.be/#tabs-image-122386653-122394765-122820122
122820056,4166,268,150.1640767097,92.3101349354,122394765,61.jpg,cfeys,Recorder (4039),https://research.cytomine.be/api/annotation/122820056/crop.png,https://research.cytomine.be/#tabs-image-122386653-122394765-122820056
122819690,43625,992,478.920703125,176.7935511976,122394786,1719.jpg,cfeys,Recorder (4039),https://research.cytomine.be/api/annotation/122819690/crop.png,https://research.cytomine.be/#tabs-image-122386653-122394786-122819690
122819658,29454,692,465.6554966688,121.4454764038,122394786,1719.jpg,cfeys,Trumpet  (4446),https://research.cytomine.be/api/annotation/122819658/crop.png,https://research.cytomine.be/#tabs-image-122386653-122394786-122819658
122819622,131721,1453,262.5601771891,177.2509660929,122394786,1719.jpg,cfeys,Violoncello (3582),https://research.cytomine.be/api/annotation/122819622/crop.png,https://research.cytomine.be/#tabs-image-122386653-122394786-122819622
122819567,22196,606,62.2093854696,146.60365161,122394786,1719.jpg,cfeys,Violin (3573),https://research.cytomine.be/api/annotation/122819567/crop.png,https://research.cytomine.be/#tabs-image-122386653-122394786-122819567
122819331,43777,838,335.9375,408.3984464407,122394893,635.jpg,cfeys,Violin (3573),https://research.cytomine.be/api/annotation/122819331/crop.png,https://research.cytomine.be/#tabs-image-122386653-122394893-122819331
122819083,355,76,317.1128949299,289.8874475844,122394905,1256.png,cfeys,Tambourine (2746),https://research.cytomine.be/api/annotation/122819083/crop.png,https://research.cytomine.be/#tabs-image-122386653-122394905-122819083
122818840,3656,242,519.869532685,347.2536621094,122394905,1256.png,cfeys,Colascione (3337),https://research.cytomine.be/api/annotation/122818840/crop.png,https://research.cytomine.be/#tabs-image-122386653-122394905-122818840
122818644,70,33,488.7413143337,328.3510196507,122394905,1256.png,cfeys,Castanets (2423),https://research.cytomine.be/api/annotation/122818644/crop.png,https://research.cytomine.be/#tabs-image-122386653-122394905-122818644
122818540,102,41,445.763674745,384.4006304607,122394905,1256.png,cfeys,Castanets (2423),https://research.cytomine.be/api/annotation/122818540/crop.png,https://research.cytomine.be/#tabs-image-122386653-122394905-122818540
122816214,5865,307,644.5664108992,163.5410144627,122394976,1077.jpg,cfeys,Cylindrical drum (2532),https://research.cytomine.be/api/annotation/122816214/crop.png,https://research.cytomine.be/#tabs-image-122386653-122394976-122816214
122816140,2655,213,621.5624953508,258.9082025439,122394976,1077.jpg,cfeys,Fiddle (3142),https://research.cytomine.be/api/annotation/122816140/crop.png,https://research.cytomine.be/#tabs-image-122386653-122394976-122816140
122815788,4518,274,334.5656350493,238.2462815255,122395014,1705.jpg,cfeys,Harp (3285),https://research.cytomine.be/api/annotation/122815788/crop.png,https://research.cytomine.be/#tabs-image-122386653-122395014-122815788
122815542,16352,594,50.4148683012,712.5119017869,122395030,1718.jpg,cfeys,End-blown trumpet (6556),https://research.cytomine.be/api/annotation/122815542/crop.png,https://research.cytomine.be/#tabs-image-122386653-122395030-122815542
122815204,7083,364,251.040625,452.9959006339,122395120,399.jpg,cfeys,Violin (3573),https://research.cytomine.be/api/annotation/122815204/crop.png,https://research.cytomine.be/#tabs-image-122386653-122395120-122815204
122814979,12525,538,306.5624964237,296.1718761921,122395135,696.jpg,cfeys,Violin (3573),https://research.cytomine.be/api/annotation/122814979/crop.png,https://research.cytomine.be/#tabs-image-122386653-122395135-122814979
122814882,22805,753,372.968763113,264.140611887,122395135,696.jpg,cfeys,Guitar (3237),https://research.cytomine.be/api/annotation/122814882/crop.png,https://research.cytomine.be/#tabs-image-122386653-122395135-122814882
122814804,35319,773,492.6562476158,310.8593708277,122395135,696.jpg,cfeys,Viola da gamba (3604),https://research.cytomine.be/api/annotation/122814804/crop.png,https://research.cytomine.be/#tabs-image-122386653-122395135-122814804
122814225,2372,203,220.5018589025,123.4554747282,122395165,587.jpg,cfeys,Bassoon  (3795),https://research.cytomine.be/api/annotation/122814225/crop.png,https://research.cytomine.be/#tabs-image-122386653-122395165-122814225
122814183,3268,229,198.352286713,131.6905772192,122395165,587.jpg,cfeys,Bassoon  (3795),https://research.cytomine.be/api/annotation/122814183/crop.png,https://research.cytomine.be/#tabs-image-122386653-122395165-122814183
122814161,491,89,151.355424766,144.3271955248,122395165,587.jpg,cfeys,Bassoon  (3795),https://research.cytomine.be/api/annotation/122814161/crop.png,https://research.cytomine.be/#tabs-image-122386653-122395165-122814161
122814109,925,123,113.3035983975,137.6539198282,122395165,587.jpg,cfeys,Bassoon  (3795),https://research.cytomine.be/api/annotation/122814109/crop.png,https://research.cytomine.be/#tabs-image-122386653-122395165-122814109
122812753,8140,367,1090.9945277512,307.6017560631,122395263,34.jpg,cfeys,Cylindrical drum (2532),https://research.cytomine.be/api/annotation/122812753/crop.png,https://research.cytomine.be/#tabs-image-122386653-122395263-122812753
122811934,70775,1064,363.8476485014,279.9316299707,122395398,1174.jpg,cfeys,Clavichord (2232),https://research.cytomine.be/api/annotation/122811934/crop.png,https://research.cytomine.be/#tabs-image-122386653-122395398-122811934
122810322,9606,456,226.7243470146,1066.6722786191,122395411,1432.jpg,cfeys,Harp (3285),https://research.cytomine.be/api/annotation/122810322/crop.png,https://research.cytomine.be/#tabs-image-122386653-122395411-122810322
122810235,3629,242,181.8175905964,1175.9271199146,122395411,1432.jpg,cfeys,Tambourine (2746),https://research.cytomine.be/api/annotation/122810235/crop.png,https://research.cytomine.be/#tabs-image-122386653-122395411-122810235
122809966,5755,319,772.9985545364,1116.5078061154,122395411,1432.jpg,cfeys,Violin (3573),https://research.cytomine.be/api/annotation/122809966/crop.png,https://research.cytomine.be/#tabs-image-122386653-122395411-122809966
122809889,1948,186,673.6013044909,1096.7926549518,122395411,1432.jpg,cfeys,Rebec  (3202),https://research.cytomine.be/api/annotation/122809889/crop.png,https://research.cytomine.be/#tabs-image-122386653-122395411-122809889
122809691,4255,270,210.703125,431.3671812415,122395464,1133.jpg,cfeys,End-blown trumpet (6556),https://research.cytomine.be/api/annotation/122809691/crop.png,https://research.cytomine.be/#tabs-image-122386653-122395464-122809691
122809273,782,112,524.8437619209,335.2343654633,122395521,802.jpg,cfeys,Cylindrical drum (2532),https://research.cytomine.be/api/annotation/122809273/crop.png,https://research.cytomine.be/#tabs-image-122386653-122395521-122809273
122809231,714,107,501.5624976158,343.8281273842,122395521,802.jpg,cfeys,Cylindrical drum (2532),https://research.cytomine.be/api/annotation/122809231/crop.png,https://research.cytomine.be/#tabs-image-122386653-122395521-122809231
122809199,668,109,464.0625095367,390.859375,122395521,802.jpg,cfeys,Clarinet (3836),https://research.cytomine.be/api/annotation/122809199/crop.png,https://research.cytomine.be/#tabs-image-122386653-122395521-122809199
122809177,2891,220,493.2812547684,381.0156261921,122395521,802.jpg,cfeys,Violoncello (3582),https://research.cytomine.be/api/annotation/122809177/crop.png,https://research.cytomine.be/#tabs-image-122386653-122395521-122809177
122808870,505,90,429.6875095367,382.7343738079,122395521,802.jpg,cfeys,Triangle (3005),https://research.cytomine.be/api/annotation/122808870/crop.png,https://research.cytomine.be/#tabs-image-122386653-122395521-122808870
122807862,33271,737,443.9671875,215.9964597791,122395737,1640.png,cfeys,Violin (3573),https://research.cytomine.be/api/annotation/122807862/crop.png,https://research.cytomine.be/#tabs-image-122386653-122395737-122807862
122807544,68813,1218,1455.000038147,849.0624856949,122395756,1160.jpg,cfeys,Viola da gamba (3604),https://research.cytomine.be/api/annotation/122807544/crop.png,https://research.cytomine.be/#tabs-image-122386653-122395756-122807544
122807434,98759,1357,174.3750095367,890.9374856949,122395756,1160.jpg,cfeys,Lute (3394),https://research.cytomine.be/api/annotation/122807434/crop.png,https://research.cytomine.be/#tabs-image-122386653-122395756-122807434
122807232,268838,2075,258.7500333786,382.1874952316,122395756,1160.jpg,cfeys,Harpsichord (2251),https://research.cytomine.be/api/annotation/122807232/crop.png,https://research.cytomine.be/#tabs-image-122386653-122395756-122807232
122806961,197663,1885,1252.5000286102,429.6874713898,122395756,1160.jpg,cfeys,Viola da gamba (3604),https://research.cytomine.be/api/annotation/122806961/crop.png,https://research.cytomine.be/#tabs-image-122386653-122395756-122806961
122806807,141600,1525,861.2500190735,522.1875095367,122395756,1160.jpg,cfeys,Lute (3394),https://research.cytomine.be/api/annotation/122806807/crop.png,https://research.cytomine.be/#tabs-image-122386653-122395756-122806807
122806677,62114,1009,288.9875180721,267.3726246238,122395796,847.jpg,cfeys,Lyre (3501),https://research.cytomine.be/api/annotation/122806677/crop.png,https://research.cytomine.be/#tabs-image-122386653-122395796-122806677
122806167,126387,1530,578.3456903815,664.9931576908,122395978,1698.jpg,cfeys,Violin (3573),https://research.cytomine.be/api/annotation/122806167/crop.png,https://research.cytomine.be/#tabs-image-122386653-122395978-122806167
122805487,12369,456,245.0390785933,200.5663901567,122396038,1612.bro,cfeys,Tambourine (2746),https://research.cytomine.be/api/annotation/122805487/crop.png,https://research.cytomine.be/#tabs-image-122386653-122396038-122805487
122805201,27096,695,578.1250074506,343.6523392797,122396044,402.jpg,cfeys,Lute (3394),https://research.cytomine.be/api/annotation/122805201/crop.png,https://research.cytomine.be/#tabs-image-122386653-122396044-122805201
122805152,3056,245,446.2890684605,404.0039017797,122396044,402.jpg,cfeys,Transverse flute (4093),https://research.cytomine.be/api/annotation/122805152/crop.png,https://research.cytomine.be/#tabs-image-122386653-122396044-122805152
122799184,30335,697,472.0326068872,370.0917405738,122396044,402.jpg,cfeys,Lute (3394),https://research.cytomine.be/api/annotation/122799184/crop.png,https://research.cytomine.be/#tabs-image-122386653-122396044-122799184
122799064,22784,619,236.1151731087,372.4647649174,122396044,402.jpg,cfeys,Violoncello (3582),https://research.cytomine.be/api/annotation/122799064/crop.png,https://research.cytomine.be/#tabs-image-122386653-122396044-122799064
122798640,5584,314,209.0132936597,431.2423735052,122396157,1715.jpg,cfeys,Flageolet (3946),https://research.cytomine.be/api/annotation/122798640/crop.png,https://research.cytomine.be/#tabs-image-122386653-122396157-122798640
122798376,19629,623,336.4257967472,295.419921875,122396277,1317.jpg,cfeys,Clarinet (3836),https://research.cytomine.be/api/annotation/122798376/crop.png,https://research.cytomine.be/#tabs-image-122386653-122396277-122798376
122798251,7784,353,46.596184516,114.5073538005,122396332,1702.jpg,cfeys,Lyre (3501),https://research.cytomine.be/api/annotation/122798251/crop.png,https://research.cytomine.be/#tabs-image-122386653-122396332-122798251
122798199,7737,353,46.59609375,290.9777041197,122396332,1702.jpg,cfeys,Lyre (3501),https://research.cytomine.be/api/annotation/122798199/crop.png,https://research.cytomine.be/#tabs-image-122386653-122396332-122798199
122797805,4308,266,311.1281470299,235.8726176977,122396352,472.jpg,cfeys,Recorder (4039),https://research.cytomine.be/api/annotation/122797805/crop.png,https://research.cytomine.be/#tabs-image-122386653-122396352-122797805
122797689,10637,416,640.3031084776,283.5163979888,122396352,472.jpg,cfeys,Fiddle (3142),https://research.cytomine.be/api/annotation/122797689/crop.png,https://research.cytomine.be/#tabs-image-122386653-122396352-122797689
122797393,2020,180,339.9703190088,172.4378889978,122396467,873.jpg,cfeys,Whistle  (4101),https://research.cytomine.be/api/annotation/122797393/crop.png,https://research.cytomine.be/#tabs-image-122386653-122396467-122797393
122797018,15420,531,291.5554654956,277.0771516919,122396467,873.jpg,cfeys,Bagpipe (3746),https://research.cytomine.be/api/annotation/122797018/crop.png,https://research.cytomine.be/#tabs-image-122386653-122396467-122797018
122796932,1826,176,205.8164225221,140.0191227257,122396467,873.jpg,cfeys,Recorder (4039),https://research.cytomine.be/api/annotation/122796932/crop.png,https://research.cytomine.be/#tabs-image-122386653-122396467-122796932
122796562,1099482,4494,674.324263978,1023.3425385505,122396510,406.jpg,cfeys,Violoncello (3582),https://research.cytomine.be/api/annotation/122796562/crop.png,https://research.cytomine.be/#tabs-image-122386653-122396510-122796562
122796348,116702,1414,589.7030901909,593.6953037977,122396531,1646.jpg,cfeys,Pianoforte (2299),https://research.cytomine.be/api/annotation/122796348/crop.png,https://research.cytomine.be/#tabs-image-122386653-122396531-122796348
122795133,262,67,364.9500045776,151.2749988556,122396567,398.jpg,cfeys,Cornett (3868),https://research.cytomine.be/api/annotation/122795133/crop.png,https://research.cytomine.be/#tabs-image-122386653-122396567-122795133
122794989,241,68,303.7500091553,156.6749885559,122396567,398.jpg,cfeys,Sackbut  (4364),https://research.cytomine.be/api/annotation/122794989/crop.png,https://research.cytomine.be/#tabs-image-122386653-122396567-122794989
122794889,562,95,414.9,136.424994278,122396567,398.jpg,cfeys,Violin (3573),https://research.cytomine.be/api/annotation/122794889/crop.png,https://research.cytomine.be/#tabs-image-122386653-122396567-122794889
122791509,2433,198,362.2500068665,124.2749988556,122396567,398.jpg,cfeys,Viola da gamba (3604),https://research.cytomine.be/api/annotation/122791509/crop.png,https://research.cytomine.be/#tabs-image-122386653-122396567-122791509
122791473,2888,221,341.4000022888,131.325,122396567,398.jpg,cfeys,Viola da gamba (3604),https://research.cytomine.be/api/annotation/122791473/crop.png,https://research.cytomine.be/#tabs-image-122386653-122396567-122791473
122791411,5831,344,428.55,126.824994278,122396567,398.jpg,cfeys,Viola da gamba (3604),https://research.cytomine.be/api/annotation/122791411/crop.png,https://research.cytomine.be/#tabs-image-122386653-122396567-122791411
122791292,433,86,244.6500068665,425.9249954224,122396567,398.jpg,cfeys,Lute (3394),https://research.cytomine.be/api/annotation/122791292/crop.png,https://research.cytomine.be/#tabs-image-122386653-122396567-122791292
122789866,35783,774,405.4883006215,370.322265625,122396586,633.jpg,cfeys,Violin (3573),https://research.cytomine.be/api/annotation/122789866/crop.png,https://research.cytomine.be/#tabs-image-122386653-122396586-122789866
122789267,643,119,156.6601581872,140.0292852521,122396671,879.jpg,cfeys,Recorder (4039),https://research.cytomine.be/api/annotation/122789267/crop.png,https://research.cytomine.be/#tabs-image-122386653-122396671-122789267
122789133,1466,158,186.8750154972,214.6777266264,122396671,879.jpg,cfeys,Recorder (4039),https://research.cytomine.be/api/annotation/122789133/crop.png,https://research.cytomine.be/#tabs-image-122386653-122396671-122789133
122789103,1997,179,549.707069993,172.7831953764,122396671,879.jpg,cfeys,Recorder (4039),https://research.cytomine.be/api/annotation/122789103/crop.png,https://research.cytomine.be/#tabs-image-122386653-122396671-122789103
122789012,19682,565,586.2695544958,278.4081915021,122396671,879.jpg,cfeys,Bagpipe (3746),https://research.cytomine.be/api/annotation/122789012/crop.png,https://research.cytomine.be/#tabs-image-122386653-122396671-122789012
122788825,6549,333,1070.0449616015,688.6298748672,122396759,1168.JPEG,cfeys,Violin (3573),https://research.cytomine.be/api/annotation/122788825/crop.png,https://research.cytomine.be/#tabs-image-122386653-122396759-122788825
122788677,5923,319,170.6250154972,499.5605449379,122396832,300.jpg,cfeys,Wind instruments (3730),https://research.cytomine.be/api/annotation/122788677/crop.png,https://research.cytomine.be/#tabs-image-122386653-122396832-122788677
122787976,6558,335,668.9666141242,218.2415039063,122396910,1680.jpg,cfeys,Wind instruments (3730),https://research.cytomine.be/api/annotation/122787976/crop.png,https://research.cytomine.be/#tabs-image-122386653-122396910-122787976
122787928,4871,280,679.0101662993,250.0186385259,122396910,1680.jpg,cfeys,Cornu  (4390),https://research.cytomine.be/api/annotation/122787928/crop.png,https://research.cytomine.be/#tabs-image-122386653-122396910-122787928
122787729,3690,243,595.6980493873,247.7135566324,122396910,1680.jpg,cfeys,Cornu  (4390),https://research.cytomine.be/api/annotation/122787729/crop.png,https://research.cytomine.be/#tabs-image-122386653-122396910-122787729
122787351,5796,307,801.1792993873,237.9993107535,122396910,1680.jpg,cfeys,Cornu  (4390),https://research.cytomine.be/api/annotation/122787351/crop.png,https://research.cytomine.be/#tabs-image-122386653-122396910-122787351
122787248,4039,254,800.5207056373,148.7598570004,122396910,1680.jpg,cfeys,Cymbals (2451),https://research.cytomine.be/api/annotation/122787248/crop.png,https://research.cytomine.be/#tabs-image-122386653-122396910-122787248
122787172,18000,543,753.2665965378,82.2418982998,122396910,1680.jpg,cfeys,Bass drum  (2506),https://research.cytomine.be/api/annotation/122787172/crop.png,https://research.cytomine.be/#tabs-image-122386653-122396910-122787172
122786580,21519,588,411.8540588041,272.7682422589,122396955,1277.png,cfeys,Lyre (3501),https://research.cytomine.be/api/annotation/122786580/crop.png,https://research.cytomine.be/#tabs-image-122386653-122396955-122786580
122786408,220971,2167,717.6000045776,553.5000045776,122397006,1608.jpg,cfeys,Sarod  (3441),https://research.cytomine.be/api/annotation/122786408/crop.png,https://research.cytomine.be/#tabs-image-122386653-122397006-122786408
122786133,156362,1598,336.6000045776,348.2999908447,122397070,392.jpg,cfeys,Lute (3394),https://research.cytomine.be/api/annotation/122786133/crop.png,https://research.cytomine.be/#tabs-image-122386653-122397070-122786133
122785523,37781,778,1252.500038147,412.8124952316,122397237,819.jpg,cfeys,Pianoforte (2299),https://research.cytomine.be/api/annotation/122785523/crop.png,https://research.cytomine.be/#tabs-image-122386653-122397237-122785523
122784816,17059,587,316.2421875,172.3980375052,122397293,1639.png,cfeys,Violin (3573),https://research.cytomine.be/api/annotation/122784816/crop.png,https://research.cytomine.be/#tabs-image-122386653-122397293-122784816
122784637,81527,1145,607.2625070572,261.5437535286,122397328,1649.jpg,cfeys,Arched harp  (3266),https://research.cytomine.be/api/annotation/122784637/crop.png,https://research.cytomine.be/#tabs-image-122386653-122397328-122784637
122784515,55188,940,574.4250070572,699.0687482357,122397328,1649.jpg,cfeys,Harp (3285),https://research.cytomine.be/api/annotation/122784515/crop.png,https://research.cytomine.be/#tabs-image-122386653-122397328-122784515
122784206,20943,581,200.625,324.2578178644,122397351,995.jpg,cfeys,Lute (3394),https://research.cytomine.be/api/annotation/122784206/crop.png,https://research.cytomine.be/#tabs-image-122386653-122397351-122784206
122783967,9794,410,530.4609560967,385.8867233992,122397396,1076.jpg,cfeys,Fiddle (3142),https://research.cytomine.be/api/annotation/122783967/crop.png,https://research.cytomine.be/#tabs-image-122386653-122397396-122783967
122783759,28176,686,434.3515751362,586.5194933414,122397527,1714.jpg,cfeys,Guitar (3237),https://research.cytomine.be/api/annotation/122783759/crop.png,https://research.cytomine.be/#tabs-image-122386653-122397527-122783759
122769967,21013,627,362.5781357288,183.632799983,122397581,239.jpg,cfeys,Clarinet (3836),https://research.cytomine.be/api/annotation/122769967/crop.png,https://research.cytomine.be/#tabs-image-122386653-122397581-122769967
122769898,6983,491,321.5624928474,268.4765517712,122397581,239.jpg,cfeys,Clarinet (3836),https://research.cytomine.be/api/annotation/122769898/crop.png,https://research.cytomine.be/#tabs-image-122386653-122397581-122769898
122769706,6921,333,66.3281357288,270.3515660763,122397581,239.jpg,cfeys,Cornet (3860),https://research.cytomine.be/api/annotation/122769706/crop.png,https://research.cytomine.be/#tabs-image-122386653-122397581-122769706
122768506,98037,1304,666.7500286102,317.1093714237,122397603,494.jpg,cfeys,Violin (3573),https://research.cytomine.be/api/annotation/122768506/crop.png,https://research.cytomine.be/#tabs-image-122386653-122397603-122768506
122767893,9643,467,465.3617102832,266.4362205908,122397727,1487.png,cfeys,Violin (3573),https://research.cytomine.be/api/annotation/122767893/crop.png,https://research.cytomine.be/#tabs-image-122386653-122397727-122767893
122766958,34485,743,495.12892133,613.228500545,122397756,1732.jpg,cfeys,Drum (2585),https://research.cytomine.be/api/annotation/122766958/crop.png,https://research.cytomine.be/#tabs-image-122386653-122397756-122766958
122766101,25702,641,426.4218907356,961.8984256983,122397834,1710.jpg,cfeys,Transverse flute (4093),https://research.cytomine.be/api/annotation/122766101/crop.png,https://research.cytomine.be/#tabs-image-122386653-122397834-122766101
122759393,257629,2031,1012.7426174462,899.7861229822,122397840,1257.TIF,cfeys,Virginal (2257),https://research.cytomine.be/api/annotation/122759393/crop.png,https://research.cytomine.be/#tabs-image-122386653-122397840-122759393
122758567,105188,1313,1707.6609899283,758.9126822054,122397840,1257.TIF,cfeys,Lute (3394),https://research.cytomine.be/api/annotation/122758567/crop.png,https://research.cytomine.be/#tabs-image-122386653-122397840-122758567
122758306,51815,1055,954.3316275179,1210.7384765625,122397840,1257.TIF,cfeys,Transverse flute (4093),https://research.cytomine.be/api/annotation/122758306/crop.png,https://research.cytomine.be/#tabs-image-122386653-122397840-122758306
122757044,25894,654,786.6884844005,506.3520468622,122397980,1167.JPEG,cfeys,Guitar (3237),https://research.cytomine.be/api/annotation/122757044/crop.png,https://research.cytomine.be/#tabs-image-122386653-122397980-122757044
122755825,523,94,342.0328101575,178.7689441413,122398009,1652.png,cfeys,Tambourine (2746),https://research.cytomine.be/api/annotation/122755825/crop.png,https://research.cytomine.be/#tabs-image-122386653-122398009-122755825
122755570,1417,151,444.4277390599,121.968151179,122398009,1652.png,cfeys,Mandolin (3510),https://research.cytomine.be/api/annotation/122755570/crop.png,https://research.cytomine.be/#tabs-image-122386653-122398009-122755570
122754357,8706,382,462.53125,502.01562047,122398046,701.jpg,cfeys,Tambourine (2746),https://research.cytomine.be/api/annotation/122754357/crop.png,https://research.cytomine.be/#tabs-image-122386653-122398046-122754357
122753818,16378,522,509.7515725493,338.187860477,122398068,1687.jpg,cfeys,Lyre (3501),https://research.cytomine.be/api/annotation/122753818/crop.png,https://research.cytomine.be/#tabs-image-122386653-122398068-122753818
122750796,2091,187,152.8125143051,223.0078035593,122398094,1519.png,cfeys,Cittern (3106),https://research.cytomine.be/api/annotation/122750796/crop.png,https://research.cytomine.be/#tabs-image-122386653-122398094-122750796
122750621,1112,138,78.9843893051,232.3828035593,122398094,1519.png,cfeys,Recorder (4039),https://research.cytomine.be/api/annotation/122750621/crop.png,https://research.cytomine.be/#tabs-image-122386653-122398094-122750621
122750457,14999,520,43.1249964237,164.6484339237,122398094,1519.png,cfeys,Viola da gamba (3604),https://research.cytomine.be/api/annotation/122750457/crop.png,https://research.cytomine.be/#tabs-image-122386653-122398094-122750457
122749940,3329,233,297.8906214237,282.7734303474,122398094,1519.png,cfeys,Violin (3573),https://research.cytomine.be/api/annotation/122749940/crop.png,https://research.cytomine.be/#tabs-image-122386653-122398094-122749940
122749223,2500,211,303.587951694,144.3585256209,122398117,1447.jpg,cfeys,Violin (3573),https://research.cytomine.be/api/annotation/122749223/crop.png,https://research.cytomine.be/#tabs-image-122386653-122398117-122749223
122748309,3132,228,196.5234455466,165.8496013284,122398247,763.png,cfeys,Lute (3394),https://research.cytomine.be/api/annotation/122748309/crop.png,https://research.cytomine.be/#tabs-image-122386653-122398247-122748309
122748102,3488,293,206.3671928644,232.8222683072,122398247,763.png,cfeys,Transverse flute (4093),https://research.cytomine.be/api/annotation/122748102/crop.png,https://research.cytomine.be/#tabs-image-122386653-122398247-122748102
122746910,12342,444,394.453125,58.18359375,122398337,1211.jpg,cfeys,Pianoforte (2299),https://research.cytomine.be/api/annotation/122746910/crop.png,https://research.cytomine.be/#tabs-image-122386653-122398337-122746910
122746601,2968,218,182.4609428644,254.35546875,122398337,1211.jpg,cfeys,Violin (3573),https://research.cytomine.be/api/annotation/122746601/crop.png,https://research.cytomine.be/#tabs-image-122386653-122398337-122746601
122745963,5686,307,164.6484475493,517.8193409622,122398366,1712.jpg,cfeys,Cornu  (4390),https://research.cytomine.be/api/annotation/122745963/crop.png,https://research.cytomine.be/#tabs-image-122386653-122398366-122745963
122732162,4609,277,27.9902293503,193.7912034005,122398385,1724.jpg,cfeys,Tambourine (2746),https://research.cytomine.be/api/annotation/122732162/crop.png,https://research.cytomine.be/#tabs-image-122386653-122398385-122732162
122731959,3025,221,149.171484375,249.1130758882,122398385,1724.jpg,cfeys,Panpipe (4024),https://research.cytomine.be/api/annotation/122731959/crop.png,https://research.cytomine.be/#tabs-image-122386653-122398385-122731959
122731706,12172,453,99.7769581497,368.3185534313,122398385,1724.jpg,cfeys,Transverse flute (4093),https://research.cytomine.be/api/annotation/122731706/crop.png,https://research.cytomine.be/#tabs-image-122386653-122398385-122731706
122729127,3842,356,244.3710975051,472.1308368444,122398404,611.jpg,cfeys,Transverse flute (4093),https://research.cytomine.be/api/annotation/122729127/crop.png,https://research.cytomine.be/#tabs-image-122386653-122398404-122729127
122728264,46711,938,373.422686398,346.7495742023,122398542,1681.jpg,cfeys,Theorbo (3473),https://research.cytomine.be/api/annotation/122728264/crop.png,https://research.cytomine.be/#tabs-image-122386653-122398542-122728264
122726461,24699,706,338.6718928814,221.2890475988,122398553,1301.jpg,cfeys,Violin (3573),https://research.cytomine.be/api/annotation/122726461/crop.png,https://research.cytomine.be/#tabs-image-122386653-122398553-122726461
122724852,53915,1012,475.3906130791,351.7577901483,122398611,949.jpg,cfeys,Lute (3394),https://research.cytomine.be/api/annotation/122724852/crop.png,https://research.cytomine.be/#tabs-image-122386653-122398611-122724852
122722518,5517,298,88.7455128372,453.3594688877,122398803,1713.jpg,cfeys,Trumpet  (4446),https://research.cytomine.be/api/annotation/122722518/crop.png,https://research.cytomine.be/#tabs-image-122386653-122398803-122722518
122722200,2295,192,64.3775415748,463.2383789063,122398803,1713.jpg,cfeys,End-blown trumpet (6556),https://research.cytomine.be/api/annotation/122722200/crop.png,https://research.cytomine.be/#tabs-image-122386653-122398803-122722200
122720319,54481,951,430.3418252707,739.4900443867,122398887,1685.jpg,cfeys,Sitar  (3456),https://research.cytomine.be/api/annotation/122720319/crop.png,https://research.cytomine.be/#tabs-image-122386653-122398887-122720319
122719192,1837,171,330.5312700272,243.7968683243,122398976,857.jpg,cfeys,Tambourine (2746),https://research.cytomine.be/api/annotation/122719192/crop.png,https://research.cytomine.be/#tabs-image-122386653-122398976-122719192
122718875,4364,271,404.6875066757,209.8906183243,122398976,857.jpg,cfeys,Guitar (3237),https://research.cytomine.be/api/annotation/122718875/crop.png,https://research.cytomine.be/#tabs-image-122386653-122398976-122718875
122718150,11943,506,200.6875181198,165.181246376,122399008,88.jpg,cfeys,Violin (3573),https://research.cytomine.be/api/annotation/122718150/crop.png,https://research.cytomine.be/#tabs-image-122386653-122399008-122718150
122715787,21327,658,524.85625,666.3156023979,122399053,1706.jpg,cfeys,Zither (3729),https://research.cytomine.be/api/annotation/122715787/crop.png,https://research.cytomine.be/#tabs-image-122386653-122399053-122715787
122713856,233888,2115,538.1250286102,322.0312714577,122399164,1620.jpg,cfeys,Violin (3573),https://research.cytomine.be/api/annotation/122713856/crop.png,https://research.cytomine.be/#tabs-image-122386653-122399164-122713856
122708478,11043,427,662.2160131127,198.1543945313,122399179,1716.jpg,cfeys,Harp (3285),https://research.cytomine.be/api/annotation/122708478/crop.png,https://research.cytomine.be/#tabs-image-122386653-122399179-122708478
122705278,26558,669,495.7945384249,347.3006835938,122399188,625.png,cfeys,Grand pianoforte (2284),https://research.cytomine.be/api/annotation/122705278/crop.png,https://research.cytomine.be/#tabs-image-122386653-122399188-122705278
122704972,1316,178,517.9886776149,464.1020479113,122399188,625.png,cfeys,Transverse flute (4093),https://research.cytomine.be/api/annotation/122704972/crop.png,https://research.cytomine.be/#tabs-image-122386653-122399188-122704972
122704858,3440,235,450.65390625,431.1870052613,122399188,625.png,cfeys,Violin (3573),https://research.cytomine.be/api/annotation/122704858/crop.png,https://research.cytomine.be/#tabs-image-122386653-122399188-122704858
122704800,10600,430,529.4619169325,342.4104449138,122399188,625.png,cfeys,Violoncello (3582),https://research.cytomine.be/api/annotation/122704800/crop.png,https://research.cytomine.be/#tabs-image-122386653-122399188-122704800
122704430,12559,467,628.0189625323,334.6989200413,122399188,625.png,cfeys,Violoncello (3582),https://research.cytomine.be/api/annotation/122704430/crop.png,https://research.cytomine.be/#tabs-image-122386653-122399188-122704430
122703918,72644,1082,214.375,664.6874904633,122399225,1274.jpg,cfeys,Guitar (3237),https://research.cytomine.be/api/annotation/122703918/crop.png,https://research.cytomine.be/#tabs-image-122386653-122399225-122703918
122702893,3373,233,128.953125,206.7855117381,122399241,1658.png,cfeys,Tambourine (2746),https://research.cytomine.be/api/annotation/122702893/crop.png,https://research.cytomine.be/#tabs-image-122386653-122399241-122702893
122702564,36658,775,275.7812440395,120.1171636581,122399330,1616.jpg,cfeys,Shawm (4258),https://research.cytomine.be/api/annotation/122702564/crop.png,https://research.cytomine.be/#tabs-image-122386653-122399330-122702564
122702056,2236,190,296.8163985014,545.7714785635,122399388,875.jpg,cfeys,End-blown trumpet (6556),https://research.cytomine.be/api/annotation/122702056/crop.png,https://research.cytomine.be/#tabs-image-122386653-122399388-122702056
122701915,7905,356,374.0812751234,328.4736252755,122399426,1665.jpg,cfeys,Shawm (4258),https://research.cytomine.be/api/annotation/122701915/crop.png,https://research.cytomine.be/#tabs-image-122386653-122399426-122701915
122701681,9775,396,274.9218964577,259.8046767712,122399499,907.jpg,cfeys,Kettledrum (2887),https://research.cytomine.be/api/annotation/122701681/crop.png,https://research.cytomine.be/#tabs-image-122386653-122399499-122701681
122700466,132025,1475,619.078155148,356.628500551,122399510,1711.jpg,cfeys,Lute (3394),https://research.cytomine.be/api/annotation/122700466/crop.png,https://research.cytomine.be/#tabs-image-122386653-122399510-122700466
122700396,96211,1254,191.321491912,290.604488419,122399510,1711.jpg,cfeys,Lute (3394),https://research.cytomine.be/api/annotation/122700396/crop.png,https://research.cytomine.be/#tabs-image-122386653-122399510-122700396
122700054,839,117,576.6046898425,153.1318195403,122399528,1672.png,cfeys,Shawm (4258),https://research.cytomine.be/api/annotation/122700054/crop.png,https://research.cytomine.be/#tabs-image-122386653-122399528-122700054
122699924,16312,512,439.7449505746,244.6997989476,122399544,1278.png,cfeys,Lyre (3501),https://research.cytomine.be/api/annotation/122699924/crop.png,https://research.cytomine.be/#tabs-image-122386653-122399544-122699924
122699807,336877,2412,540.75,541.8749713898,122399607,1599.jpeg,cfeys,Guitar (3237),https://research.cytomine.be/api/annotation/122699807/crop.png,https://research.cytomine.be/#tabs-image-122386653-122399607-122699807
122699763,323474,2349,546.0000343323,558.375005722,122399607,1599.jpeg,cfeys,Guitar (3237),https://research.cytomine.be/api/annotation/122699763/crop.png,https://research.cytomine.be/#tabs-image-122386653-122399607-122699763
122699723,334418,2337,316.4999885559,567.3749685287,122399607,1599.jpeg,cfeys,Guitar (3237),https://research.cytomine.be/api/annotation/122699723/crop.png,https://research.cytomine.be/#tabs-image-122386653-122399607-122699723
122698092,86,37,227.5605511069,154.4111180007,122399671,207.jpg,cfeys,Cylindrical drum (2532),https://research.cytomine.be/api/annotation/122698092/crop.png,https://research.cytomine.be/#tabs-image-122386653-122399671-122698092
122697838,276,67,137.007814616,80.3603473306,122399671,207.jpg,cfeys,Cylindrical drum (2532),https://research.cytomine.be/api/annotation/122697838/crop.png,https://research.cytomine.be/#tabs-image-122386653-122399671-122697838
122697590,255,73,587.8500045776,354.9374994278,122399707,374.jpg,cfeys,Violin (3573),https://research.cytomine.be/api/annotation/122697590/crop.png,https://research.cytomine.be/#tabs-image-122386653-122399707-122697590
122697503,2062,203,614.3250022888,323.3624977112,122399707,374.jpg,cfeys,Violoncello (3582),https://research.cytomine.be/api/annotation/122697503/crop.png,https://research.cytomine.be/#tabs-image-122386653-122399707-122697503
122697459,754,113,565.6499988556,316.6874988556,122399707,374.jpg,cfeys,Lute (3394),https://research.cytomine.be/api/annotation/122697459/crop.png,https://research.cytomine.be/#tabs-image-122386653-122399707-122697459
122697388,84,44,549.6750022888,360.9374982834,122399707,374.jpg,cfeys,Transverse flute (4093),https://research.cytomine.be/api/annotation/122697388/crop.png,https://research.cytomine.be/#tabs-image-122386653-122399707-122697388
122697348,190,56,548.4750005722,354.7312497139,122399707,374.jpg,cfeys,Shawm (4258),https://research.cytomine.be/api/annotation/122697348/crop.png,https://research.cytomine.be/#tabs-image-122386653-122399707-122697348
122679127,6949,362,1023.7499928475,339.6093642712,122399752,1090.jpg,cfeys,Fiddle (3142),https://research.cytomine.be/api/annotation/122679127/crop.png,https://research.cytomine.be/#tabs-image-122386653-122399752-122679127
122678952,10638,422,1044.3750071526,418.3593678474,122399752,1090.jpg,cfeys,Aulos (4173),https://research.cytomine.be/api/annotation/122678952/crop.png,https://research.cytomine.be/#tabs-image-122386653-122399752-122678952
122678891,7952,364,1016.2500071526,504.1406142712,122399752,1090.jpg,cfeys,Tambourine (2746),https://research.cytomine.be/api/annotation/122678891/crop.png,https://research.cytomine.be/#tabs-image-122386653-122399752-122678891
122678746,24979,677,809.0625357628,250.5468642712,122399752,1090.jpg,cfeys,Portative organ (2267),https://research.cytomine.be/api/annotation/122678746/crop.png,https://research.cytomine.be/#tabs-image-122386653-122399752-122678746
122678530,7116,338,448.1250286102,296.9531142712,122399752,1090.jpg,cfeys,Lute (3394),https://research.cytomine.be/api/annotation/122678530/crop.png,https://research.cytomine.be/#tabs-image-122386653-122399752-122678530
122678474,7075,347,204.8437535763,337.265625,122399752,1090.jpg,cfeys,Rebec  (3202),https://research.cytomine.be/api/annotation/122678474/crop.png,https://research.cytomine.be/#tabs-image-122386653-122399752-122678474
122678410,6933,364,182.8125178814,478.8281285763,122399752,1090.jpg,cfeys,Shawm (4258),https://research.cytomine.be/api/annotation/122678410/crop.png,https://research.cytomine.be/#tabs-image-122386653-122399752-122678410
122678350,8269,368,193.1250143051,536.0156142712,122399752,1090.jpg,cfeys,Tambourine (2746),https://research.cytomine.be/api/annotation/122678350/crop.png,https://research.cytomine.be/#tabs-image-122386653-122399752-122678350
122678041,8900,383,251.582842648,305.7521434128,122399773,1663.jpg,cfeys,Lyre (3501),https://research.cytomine.be/api/annotation/122678041/crop.png,https://research.cytomine.be/#tabs-image-122386653-122399773-122678041
122677893,1048,130,285.3855515599,142.2322183639,122399779,1675.png,cfeys,Lyre (3501),https://research.cytomine.be/api/annotation/122677893/crop.png,https://research.cytomine.be/#tabs-image-122386653-122399779-122677893
122675997,156070,1595,379.88671875,511.8603214502,122399867,371.png,cfeys,Bagpipe (3746),https://research.cytomine.be/api/annotation/122675997/crop.png,https://research.cytomine.be/#tabs-image-122386653-122399867-122675997
123605296,40,25,419.5437252885,162.4530185156,122389381,1644.png,cfeys,,https://research.cytomine.be/api/annotation/123605296/crop.png,https://research.cytomine.be/#tabs-image-122386653-122389381-123605296
123605112,643,101,412.829121876,190.3460380275,122389381,1644.png,cfeys,,https://research.cytomine.be/api/annotation/123605112/crop.png,https://research.cytomine.be/#tabs-image-122386653-122389381-123605112
123551789,18584,567,1075.6250536056,408.7174788062,122391896,955.jpg,cfeys,,https://research.cytomine.be/api/annotation/123551789/crop.png,https://research.cytomine.be/#tabs-image-122386653-122391896-123551789
122824103,1105,141,608.4825177684,267.8501315005,122394124,277.jpg,cfeys,,https://research.cytomine.be/api/annotation/122824103/crop.png,https://research.cytomine.be/#tabs-image-122386653-122394124-122824103
122697867,149,49,128.6875,92.5634702146,122399671,207.jpg,cfeys,,https://research.cytomine.be/api/annotation/122697867/crop.png,https://research.cytomine.be/#tabs-image-122386653-122399671-122697867
